{"cameraMode":{"drawMode":0,"name":"Shaded","section":"Shading Mode"},"sceneLighting":true,"audioPlay":false,"sceneViewState":{"showFog":true,"showMaterialUpdate":false,"showSkybox":true,"showFlares":true,"showImageEffects":true,"showParticleSystems":true},"in2DMode":false,"pivot":{"x":79.98603057861328,"y":-0.1226239800453186,"z":-65.4709701538086},"rotation":{"x":-0.14568555355072022,"y":-0.7930346727371216,"z":0.2087574303150177,"w":-0.5534366369247437},"size":18.293350219726564,"orthographic":false}