{"cameraMode":{"drawMode":0,"name":"Shaded","section":"Shading Mode"},"sceneLighting":true,"audioPlay":false,"sceneViewState":{"showFog":true,"showMaterialUpdate":false,"showSkybox":true,"showFlares":true,"showImageEffects":true,"showParticleSystems":true},"in2DMode":false,"pivot":{"x":115.68861389160156,"y":0.8285703659057617,"z":-129.44140625},"rotation":{"x":0.3587310016155243,"y":-0.2069212943315506,"z":0.0818827897310257,"w":0.9065268635749817},"size":7.388540267944336,"orthographic":false}