{"cameraMode":{"drawMode":0,"name":"Shaded","section":"Shading Mode"},"sceneLighting":true,"audioPlay":false,"sceneViewState":{"showFog":true,"showMaterialUpdate":false,"showSkybox":true,"showFlares":true,"showImageEffects":true,"showParticleSystems":true},"in2DMode":false,"pivot":{"x":120.6883544921875,"y":4.6112470626831059,"z":-128.38555908203126},"rotation":{"x":0.3587310016155243,"y":-0.2069212943315506,"z":0.0818827897310257,"w":0.9065268635749817},"size":21.550443649291993,"orthographic":false}