{"cameraMode":{"drawMode":0,"name":"Shaded","section":"Shading Mode"},"sceneLighting":true,"audioPlay":false,"sceneViewState":{"showFog":true,"showMaterialUpdate":false,"showSkybox":true,"showFlares":true,"showImageEffects":true,"showParticleSystems":true},"in2DMode":false,"pivot":{"x":123.36785888671875,"y":-1.7196969985961915,"z":-118.32662963867188},"rotation":{"x":-0.23127615451812745,"y":0.20397357642650605,"z":-0.04965868964791298,"w":-0.9499685168266296},"size":22.12616729736328,"orthographic":false}