{"cameraMode":{"drawMode":0,"name":"Shaded","section":"Shading Mode"},"sceneLighting":true,"audioPlay":false,"sceneViewState":{"showFog":true,"showMaterialUpdate":false,"showSkybox":true,"showFlares":true,"showImageEffects":true,"showParticleSystems":true},"in2DMode":false,"pivot":{"x":121.33889770507813,"y":-5.825942039489746,"z":-121.1416015625},"rotation":{"x":-0.34172433614730837,"y":0.43428581953048708,"z":-0.18249334394931794,"w":-0.8132137656211853},"size":19.794706344604493,"orthographic":false}