{"cameraMode":{"drawMode":0,"name":"Shaded","section":"Shading Mode"},"sceneLighting":true,"audioPlay":false,"sceneViewState":{"showFog":true,"showMaterialUpdate":false,"showSkybox":true,"showFlares":true,"showImageEffects":true,"showParticleSystems":true},"in2DMode":false,"pivot":{"x":1.05401611328125,"y":75.35528564453125,"z":9.60369873046875},"rotation":{"x":-0.3156593441963196,"y":-0.29842764139175417,"z":0.1052861288189888,"w":-0.8945474028587341},"size":938.7086181640625,"orthographic":false}