{"cameraMode":{"drawMode":0,"name":"Shaded","section":"Shading Mode"},"sceneLighting":true,"audioPlay":false,"sceneViewState":{"showFog":true,"showMaterialUpdate":false,"showSkybox":true,"showFlares":true,"showImageEffects":true,"showParticleSystems":true},"in2DMode":false,"pivot":{"x":105.04168701171875,"y":1.8504889011383057,"z":-134.39169311523438},"rotation":{"x":0.241346076130867,"y":-0.3497348129749298,"z":0.093748077750206,"w":0.9003604650497437},"size":5.038177967071533,"orthographic":false}