{"cameraMode":{"drawMode":0,"name":"Shaded","section":"Shading Mode"},"sceneLighting":true,"audioPlay":false,"sceneViewState":{"showFog":true,"showMaterialUpdate":false,"showSkybox":true,"showFlares":true,"showImageEffects":true,"showParticleSystems":true},"in2DMode":false,"pivot":{"x":94.67515563964844,"y":0.3526773452758789,"z":-142.39779663085938},"rotation":{"x":0.06396836787462235,"y":-0.9331775903701782,"z":0.20947201550006867,"w":0.2849721610546112},"size":17.312152862548829,"orthographic":false}