{"cameraMode":{"drawMode":0,"name":"Shaded","section":"Shading Mode"},"sceneLighting":true,"audioPlay":false,"sceneViewState":{"showFog":true,"showMaterialUpdate":false,"showSkybox":true,"showFlares":true,"showImageEffects":true,"showParticleSystems":true},"in2DMode":false,"pivot":{"x":124.85136413574219,"y":1.70546293258667,"z":-124.11517333984375},"rotation":{"x":0.3587310016155243,"y":-0.2069212943315506,"z":0.0818827897310257,"w":0.9065268635749817},"size":5.177830696105957,"orthographic":false}