{"cameraMode":{"drawMode":0,"name":"Shaded","section":"Shading Mode"},"sceneLighting":true,"audioPlay":false,"sceneViewState":{"showFog":true,"showMaterialUpdate":false,"showSkybox":true,"showFlares":true,"showImageEffects":true,"showParticleSystems":true},"in2DMode":false,"pivot":{"x":130.0563201904297,"y":1.0859012603759766,"z":-122.2536849975586},"rotation":{"x":-0.35759225487709048,"y":0.05319414660334587,"z":-0.020406460389494897,"w":-0.9321383237838745},"size":5.177830696105957,"orthographic":false}