{"cameraMode":{"drawMode":0,"name":"Shaded","section":"Shading Mode"},"sceneLighting":true,"audioPlay":false,"sceneViewState":{"showFog":true,"showMaterialUpdate":false,"showSkybox":true,"showFlares":true,"showImageEffects":true,"showParticleSystems":true},"in2DMode":false,"pivot":{"x":120.8461685180664,"y":1.2973637580871583,"z":-126.46920013427735},"rotation":{"x":0.3587310016155243,"y":-0.2069212943315506,"z":0.0818827897310257,"w":0.9065268635749817},"size":9.140732765197754,"orthographic":false}