{"cameraMode":{"drawMode":0,"name":"Shaded","section":"Shading Mode"},"sceneLighting":true,"audioPlay":false,"sceneViewState":{"showFog":true,"showMaterialUpdate":false,"showSkybox":true,"showFlares":true,"showImageEffects":true,"showParticleSystems":true},"in2DMode":false,"pivot":{"x":108.4866943359375,"y":5.280414581298828,"z":-129.26303100585938},"rotation":{"x":-0.23614872992038728,"y":0.16091440618038178,"z":-0.0396873839199543,"w":-0.9574786424636841},"size":24.532499313354493,"orthographic":false}