{"cameraMode":{"drawMode":0,"name":"Shaded","section":"Shading Mode"},"sceneLighting":true,"audioPlay":false,"sceneViewState":{"showFog":true,"showMaterialUpdate":false,"showSkybox":true,"showFlares":true,"showImageEffects":true,"showParticleSystems":true},"in2DMode":false,"pivot":{"x":202.41537475585938,"y":118.16896057128906,"z":-196.35739135742188},"rotation":{"x":-0.3602253496646881,"y":0.13916808366775514,"z":-0.05444268137216568,"w":-0.9208180904388428},"size":13.765152931213379,"orthographic":false}