{"cameraMode":{"drawMode":0,"name":"Shaded","section":"Shading Mode"},"sceneLighting":true,"audioPlay":false,"sceneViewState":{"showFog":true,"showMaterialUpdate":false,"showSkybox":true,"showFlares":true,"showImageEffects":true,"showParticleSystems":true},"in2DMode":false,"pivot":{"x":109.66632080078125,"y":0.9328769445419312,"z":-131.2711639404297},"rotation":{"x":-0.23614872992038728,"y":0.16091440618038178,"z":-0.0396873839199543,"w":-0.9574786424636841},"size":4.003328323364258,"orthographic":false}