{"cameraMode":{"drawMode":0,"name":"Shaded","section":"Shading Mode"},"sceneLighting":true,"audioPlay":false,"sceneViewState":{"showFog":true,"showMaterialUpdate":false,"showSkybox":true,"showFlares":true,"showImageEffects":true,"showParticleSystems":true},"in2DMode":false,"pivot":{"x":127.03064727783203,"y":-2.2591733932495119,"z":-116.98389434814453},"rotation":{"x":-0.23127615451812745,"y":0.20397357642650605,"z":-0.04965868964791298,"w":-0.9499685168266296},"size":11.559340476989746,"orthographic":false}