{"cameraMode":{"drawMode":0,"name":"Shaded","section":"Shading Mode"},"sceneLighting":true,"audioPlay":false,"sceneViewState":{"showFog":true,"showMaterialUpdate":false,"showSkybox":true,"showFlares":true,"showImageEffects":true,"showParticleSystems":true},"in2DMode":false,"pivot":{"x":108.88297271728516,"y":0.642257809638977,"z":-130.75180053710938},"rotation":{"x":-0.17022812366485597,"y":0.28516721725463869,"z":-0.05154144763946533,"w":-0.9418309926986694},"size":4.6037797927856449,"orthographic":false}