{"cameraMode":{"drawMode":0,"name":"Shaded","section":"Shading Mode"},"sceneLighting":true,"audioPlay":false,"sceneViewState":{"showFog":true,"showMaterialUpdate":false,"showSkybox":true,"showFlares":true,"showImageEffects":true,"showParticleSystems":true},"in2DMode":false,"pivot":{"x":109.66632080078125,"y":0.9328769445419312,"z":-131.2711639404297},"rotation":{"x":-0.14568555355072022,"y":-0.7930346727371216,"z":0.2087574303150177,"w":-0.5534366369247437},"size":3.4033281803131105,"orthographic":false}