{"cameraMode":{"drawMode":0,"name":"Shaded","section":"Shading Mode"},"sceneLighting":false,"audioPlay":false,"sceneViewState":{"showFog":true,"showMaterialUpdate":false,"showSkybox":true,"showFlares":true,"showImageEffects":true,"showParticleSystems":true},"in2DMode":false,"pivot":{"x":-0.09393119812011719,"y":7.439981460571289,"z":0.06397819519042969},"rotation":{"x":0.2948039770126343,"y":-0.5577757358551025,"z":0.2211022973060608,"w":0.7437006831169128},"size":53.2530517578125,"orthographic":false}