{"cameraMode":{"drawMode":0,"name":"Shaded","section":"Shading Mode"},"sceneLighting":false,"audioPlay":false,"sceneViewState":{"showFog":true,"showMaterialUpdate":false,"showSkybox":true,"showFlares":true,"showImageEffects":true,"showParticleSystems":true},"in2DMode":false,"pivot":{"x":-5.820000171661377,"y":2.930000066757202,"z":5.96999979019165},"rotation":{"x":-0.03330542892217636,"y":0.4969477355480194,"z":-0.019091209396719934,"w":-0.8669309020042419},"size":4.590925216674805,"orthographic":false}