{"cameraMode":{"drawMode":0,"name":"Shaded","section":"Shading Mode"},"sceneLighting":false,"audioPlay":false,"sceneViewState":{"showFog":true,"showMaterialUpdate":true,"showSkybox":true,"showFlares":true,"showImageEffects":true,"showParticleSystems":true},"in2DMode":false,"pivot":{"x":-10.666748046875,"y":0.7984368801116943,"z":15.615106582641602},"rotation":{"x":-0.29809775948524477,"y":0.29419827461242678,"z":-0.09713560342788696,"w":-0.9028565287590027},"size":3.069437265396118,"orthographic":false}