{"cameraMode":{"drawMode":0,"name":"Shaded","section":"Shading Mode"},"sceneLighting":false,"audioPlay":false,"sceneViewState":{"showFog":true,"showMaterialUpdate":false,"showSkybox":true,"showFlares":true,"showImageEffects":true,"showParticleSystems":true},"in2DMode":false,"pivot":{"x":59.43364715576172,"y":0.42461204528808596,"z":-3.8509950637817385},"rotation":{"x":0.204102024435997,"y":-0.7341017723083496,"z":0.2509556710720062,"w":0.5970412492752075},"size":30.493227005004884,"orthographic":false}