{"cameraMode":{"drawMode":0,"name":"Shaded","section":"Shading Mode"},"sceneLighting":false,"audioPlay":false,"sceneViewState":{"showFog":true,"showMaterialUpdate":false,"showSkybox":true,"showFlares":true,"showImageEffects":true,"showParticleSystems":true},"in2DMode":false,"pivot":{"x":29.176034927368165,"y":20.060400009155275,"z":-127.9726333618164},"rotation":{"x":-0.011488586664199829,"y":0.9857451319694519,"z":-0.0755583643913269,"w":-0.14988528192043305},"size":5.051691055297852,"orthographic":false}