{"cameraMode":{"drawMode":0,"name":"Shaded","section":"Shading Mode"},"sceneLighting":false,"audioPlay":false,"sceneViewState":{"showFog":true,"showMaterialUpdate":false,"showSkybox":true,"showFlares":true,"showImageEffects":true,"showParticleSystems":true},"in2DMode":false,"pivot":{"x":20.0,"y":2.8957245349884035,"z":76.91340637207031},"rotation":{"x":0.30259591341018679,"y":-0.2896968722343445,"z":0.09709617495536804,"w":0.9028199315071106},"size":35.37993621826172,"orthographic":false}