{"cameraMode":{"drawMode":0,"name":"Shaded","section":"Shading Mode"},"sceneLighting":false,"audioPlay":false,"sceneViewState":{"showFog":true,"showMaterialUpdate":false,"showSkybox":true,"showFlares":true,"showImageEffects":true,"showParticleSystems":true},"in2DMode":false,"pivot":{"x":2.2899131774902345,"y":4.158357620239258,"z":3.4027915000915529},"rotation":{"x":0.29612526297569277,"y":-0.5533035397529602,"z":0.21932949125766755,"w":0.747033953666687},"size":40.857730865478519,"orthographic":false}