{"cameraMode":{"drawMode":0,"name":"Shaded","section":"Shading Mode"},"sceneLighting":false,"audioPlay":false,"sceneViewState":{"showFog":true,"showMaterialUpdate":false,"showSkybox":true,"showFlares":true,"showImageEffects":true,"showParticleSystems":true},"in2DMode":false,"pivot":{"x":20.318443298339845,"y":20.731433868408204,"z":-124.93865203857422},"rotation":{"x":-0.12834049761295319,"y":0.7973664999008179,"z":-0.18249915540218354,"w":-0.5607401728630066},"size":5.988278865814209,"orthographic":false}