{"cameraMode":{"drawMode":0,"name":"Shaded","section":"Shading Mode"},"sceneLighting":false,"audioPlay":false,"sceneViewState":{"showFog":true,"showMaterialUpdate":false,"showSkybox":true,"showFlares":true,"showImageEffects":true,"showParticleSystems":true},"in2DMode":false,"pivot":{"x":34.52577209472656,"y":4.516324043273926,"z":41.548397064208987},"rotation":{"x":0.30259591341018679,"y":-0.2896968722343445,"z":0.09709617495536804,"w":0.9028199315071106},"size":24.040218353271486,"orthographic":false}