{"cameraMode":{"drawMode":0,"name":"Shaded","section":"Shading Mode"},"sceneLighting":false,"audioPlay":false,"sceneViewState":{"showFog":true,"showMaterialUpdate":true,"showSkybox":true,"showFlares":true,"showImageEffects":true,"showParticleSystems":true},"in2DMode":false,"pivot":{"x":0.007224380970001221,"y":0.24417313933372498,"z":0.052962034940719607},"rotation":{"x":-0.16075631976127625,"y":-0.22580493986606599,"z":0.03780968114733696,"w":-0.960072934627533},"size":0.5370653867721558,"orthographic":false}