{"cameraMode":{"drawMode":0,"name":"Shaded","section":"Shading Mode"},"sceneLighting":false,"audioPlay":false,"sceneViewState":{"showFog":true,"showMaterialUpdate":false,"showSkybox":true,"showFlares":true,"showImageEffects":true,"showParticleSystems":true},"in2DMode":false,"pivot":{"x":29.879777908325197,"y":20.111339569091798,"z":-124.7242431640625},"rotation":{"x":-0.16880525648593903,"y":0.8184384107589722,"z":-0.30051517486572268,"w":-0.4597325325012207},"size":9.795825958251954,"orthographic":false}