{"cameraMode":{"drawMode":0,"name":"Shaded","section":"Shading Mode"},"sceneLighting":false,"audioPlay":false,"sceneViewState":{"showFog":true,"showMaterialUpdate":true,"showSkybox":true,"showFlares":true,"showImageEffects":true,"showParticleSystems":true},"in2DMode":false,"pivot":{"x":126.5484619140625,"y":183.9882354736328,"z":175.525390625},"rotation":{"x":-0.09965762495994568,"y":0.6334674954414368,"z":-0.08275486528873444,"w":-0.7628492712974548},"size":20.70938491821289,"orthographic":false}