{"cameraMode":{"drawMode":0,"name":"Shaded","section":"Shading Mode"},"sceneLighting":false,"audioPlay":false,"sceneViewState":{"showFog":true,"showMaterialUpdate":true,"showSkybox":true,"showFlares":true,"showImageEffects":true,"showParticleSystems":true},"in2DMode":false,"pivot":{"x":-0.02199999988079071,"y":-0.13300000131130219,"z":0.027000000700354577},"rotation":{"x":-0.14661291241645814,"y":-0.25648561120033266,"z":0.03939491882920265,"w":-0.954551100730896},"size":22.0,"orthographic":false}