{"cameraMode":{"drawMode":0,"name":"Shaded","section":"Shading Mode"},"sceneLighting":false,"audioPlay":false,"sceneViewState":{"showFog":true,"showMaterialUpdate":false,"showSkybox":true,"showFlares":true,"showImageEffects":true,"showParticleSystems":true},"in2DMode":false,"pivot":{"x":10.594219207763672,"y":4.294818878173828,"z":10.916401863098145},"rotation":{"x":0.21980731189250947,"y":-0.6539632081985474,"z":0.20724864304065705,"w":0.6935884356498718},"size":31.350440979003908,"orthographic":false}