{"cameraMode":{"drawMode":0,"name":"Shaded","section":"Shading Mode"},"sceneLighting":false,"audioPlay":false,"sceneViewState":{"showFog":true,"showMaterialUpdate":false,"showSkybox":true,"showFlares":true,"showImageEffects":true,"showParticleSystems":true},"in2DMode":false,"pivot":{"x":11.881572723388672,"y":2.503894329071045,"z":-33.96293640136719},"rotation":{"x":0.30259591341018679,"y":-0.2896968722343445,"z":0.09709617495536804,"w":0.9028199315071106},"size":12.610247611999512,"orthographic":false}