{"cameraMode":{"drawMode":0,"name":"Shaded","section":"Shading Mode"},"sceneLighting":false,"audioPlay":false,"sceneViewState":{"showFog":true,"showMaterialUpdate":true,"showSkybox":true,"showFlares":true,"showImageEffects":true,"showParticleSystems":true},"in2DMode":false,"pivot":{"x":-0.26427555084228518,"y":2.7820279598236086,"z":-0.13591480255126954},"rotation":{"x":-0.17800766229629517,"y":-0.18910250067710877,"z":0.034880779683589938,"w":-0.9650579690933228},"size":39.379615783691409,"orthographic":false}