{"cameraMode":{"drawMode":0,"name":"Shaded","section":"Shading Mode"},"sceneLighting":false,"audioPlay":false,"sceneViewState":{"showFog":true,"showMaterialUpdate":false,"showSkybox":true,"showFlares":true,"showImageEffects":true,"showParticleSystems":true},"in2DMode":false,"pivot":{"x":12.7242431640625,"y":3.006159782409668,"z":-45.97847366333008},"rotation":{"x":0.30259591341018679,"y":-0.2896968722343445,"z":0.09709617495536804,"w":0.9028199315071106},"size":16.851112365722658,"orthographic":false}