{"cameraMode":{"drawMode":0,"name":"Shaded","section":"Shading Mode"},"sceneLighting":false,"audioPlay":false,"sceneViewState":{"showFog":true,"showMaterialUpdate":false,"showSkybox":true,"showFlares":true,"showImageEffects":true,"showParticleSystems":true},"in2DMode":false,"pivot":{"x":70.80966186523438,"y":6.640292167663574,"z":64.45502471923828},"rotation":{"x":0.31806832551956179,"y":-0.5050621032714844,"z":0.20725353062152863,"w":0.7751069664955139},"size":10.791608810424805,"orthographic":false}