{"cameraMode":{"drawMode":0,"name":"Shaded","section":"Shading Mode"},"sceneLighting":false,"audioPlay":false,"sceneViewState":{"showFog":true,"showMaterialUpdate":false,"showSkybox":true,"showFlares":true,"showImageEffects":true,"showParticleSystems":true},"in2DMode":false,"pivot":{"x":21.993385314941408,"y":20.587703704833986,"z":-132.2433624267578},"rotation":{"x":0.20454275608062745,"y":-0.208143413066864,"z":0.04455942288041115,"w":0.9554334282875061},"size":3.1033265590667726,"orthographic":false}