{"cameraMode":{"drawMode":0,"name":"Shaded","section":"Shading Mode"},"sceneLighting":false,"audioPlay":false,"sceneViewState":{"showFog":true,"showMaterialUpdate":false,"showSkybox":true,"showFlares":true,"showImageEffects":true,"showParticleSystems":true},"in2DMode":false,"pivot":{"x":69.59929656982422,"y":6.5475029945373539,"z":60.03568649291992},"rotation":{"x":0.2681400775909424,"y":-0.4315057694911957,"z":0.13603712618350984,"w":0.850527822971344},"size":13.487824440002442,"orthographic":false}