{"cameraMode":{"drawMode":0,"name":"Shaded","section":"Shading Mode"},"sceneLighting":true,"audioPlay":false,"sceneViewState":{"showFog":true,"showMaterialUpdate":true,"showSkybox":true,"showFlares":true,"showImageEffects":true,"showParticleSystems":true},"in2DMode":false,"pivot":{"x":113.81668853759766,"y":-2.7147159576416017,"z":-96.05535125732422},"rotation":{"x":-0.19075782597064973,"y":0.44068044424057009,"z":-0.09641864895820618,"w":-0.8718461990356445},"size":74.45533752441406,"orthographic":false}