{"cameraMode":{"drawMode":0,"name":"Shaded","section":"Shading Mode"},"sceneLighting":false,"audioPlay":false,"sceneViewState":{"showFog":true,"showMaterialUpdate":false,"showSkybox":true,"showFlares":true,"showImageEffects":true,"showParticleSystems":true},"in2DMode":false,"pivot":{"x":115.9639892578125,"y":-1.865966796875,"z":102.98456573486328},"rotation":{"x":0.18550285696983338,"y":0.504431962966919,"z":-0.11195442080497742,"w":0.8358249068260193},"size":82.33921813964844,"orthographic":false}