{"cameraMode":{"drawMode":0,"name":"Shaded","section":"Shading Mode"},"sceneLighting":false,"audioPlay":false,"sceneViewState":{"showFog":true,"showMaterialUpdate":false,"showSkybox":true,"showFlares":true,"showImageEffects":true,"showParticleSystems":true},"in2DMode":false,"pivot":{"x":121.3748779296875,"y":0.6019697189331055,"z":-108.15509796142578},"rotation":{"x":-0.019693968817591668,"y":0.764936625957489,"z":0.023413700982928277,"w":0.6433785557746887},"size":22.0,"orthographic":false}