{"cameraMode":{"drawMode":0,"name":"Shaded","section":"Shading Mode"},"sceneLighting":false,"audioPlay":false,"sceneViewState":{"showFog":true,"showMaterialUpdate":false,"showSkybox":true,"showFlares":true,"showImageEffects":true,"showParticleSystems":true},"in2DMode":false,"pivot":{"x":21.158742904663087,"y":-0.029999971389770509,"z":35.215030670166019},"rotation":{"x":0.2511446177959442,"y":-0.4601927101612091,"z":0.13752710819244386,"w":0.8403781056404114},"size":14.49475383758545,"orthographic":false}