{"cameraMode":{"drawMode":0,"name":"Shaded","section":"Shading Mode"},"sceneLighting":false,"audioPlay":false,"sceneViewState":{"showFog":true,"showMaterialUpdate":false,"showSkybox":true,"showFlares":true,"showImageEffects":true,"showParticleSystems":true},"in2DMode":false,"pivot":{"x":25.100000381469728,"y":20.42999839782715,"z":-124.9000015258789},"rotation":{"x":-0.19177643954753877,"y":0.30761760473251345,"z":-0.06344622373580933,"w":-0.9298213720321655},"size":2.9882776737213136,"orthographic":false}